[ {
  "name" : "Oswaldo",
  "gender" : "MALE",
  "age" : 41,
  "childCount" : 0
}, {
  "name" : "Dane",
  "gender" : "MALE",
  "age" : 41,
  "childCount" : 0
}, {
  "name" : "Gil",
  "gender" : "MALE",
  "age" : 43,
  "childCount" : 0
}, {
  "name" : "Moses",
  "gender" : "MALE",
  "age" : 44,
  "childCount" : 0
}, {
  "name" : "Rayford",
  "gender" : "MALE",
  "age" : 58,
  "childCount" : 0
}, {
  "name" : "Mitchel",
  "gender" : "MALE",
  "age" : 47,
  "childCount" : 0
}, {
  "name" : "Sanford",
  "gender" : "MALE",
  "age" : 43,
  "childCount" : 0
} ]