[ {
  "name" : "Kerri",
  "gender" : "FEMALE",
  "age" : 35,
  "childCount" : 3
}, {
  "name" : "Ty",
  "gender" : "MALE",
  "age" : 46,
  "childCount" : 1
}, {
  "name" : "Sammie",
  "gender" : "MALE",
  "age" : 43,
  "childCount" : 3
}, {
  "name" : "Marlen",
  "gender" : "FEMALE",
  "age" : 40,
  "childCount" : 2
}, {
  "name" : "Lynne",
  "gender" : "FEMALE",
  "age" : 46,
  "childCount" : 1
}, {
  "name" : "Quintin",
  "gender" : "MALE",
  "age" : 57,
  "childCount" : 2
}, {
  "name" : "Oswaldo",
  "gender" : "MALE",
  "age" : 41,
  "childCount" : 0
}, {
  "name" : "Emanuel",
  "gender" : "MALE",
  "age" : 50,
  "childCount" : 2
}, {
  "name" : "Fred",
  "gender" : "MALE",
  "age" : 50,
  "childCount" : 4
}, {
  "name" : "Clement",
  "gender" : "MALE",
  "age" : 40,
  "childCount" : 2
}, {
  "name" : "Modesto",
  "gender" : "MALE",
  "age" : 58,
  "childCount" : 1
}, {
  "name" : "Sid",
  "gender" : "MALE",
  "age" : 37,
  "childCount" : 1
}, {
  "name" : "Colby",
  "gender" : "MALE",
  "age" : 36,
  "childCount" : 2
}, {
  "name" : "Sharan",
  "gender" : "FEMALE",
  "age" : 51,
  "childCount" : 1
}, {
  "name" : "Lamont",
  "gender" : "MALE",
  "age" : 46,
  "childCount" : 1
}, {
  "name" : "Zachary",
  "gender" : "MALE",
  "age" : 31,
  "childCount" : 2
}, {
  "name" : "Eliseo",
  "gender" : "MALE",
  "age" : 31,
  "childCount" : 4
}, {
  "name" : "Dane",
  "gender" : "MALE",
  "age" : 41,
  "childCount" : 0
}, {
  "name" : "Gil",
  "gender" : "MALE",
  "age" : 43,
  "childCount" : 0
}, {
  "name" : "Anneliese",
  "gender" : "FEMALE",
  "age" : 25,
  "childCount" : 4
}, {
  "name" : "Oren",
  "gender" : "MALE",
  "age" : 56,
  "childCount" : 4
}, {
  "name" : "Asuncion",
  "gender" : "FEMALE",
  "age" : 47,
  "childCount" : 4
}, {
  "name" : "Merlyn",
  "gender" : "FEMALE",
  "age" : 48,
  "childCount" : 1
}, {
  "name" : "Norberto",
  "gender" : "MALE",
  "age" : 46,
  "childCount" : 1
}, {
  "name" : "Mitchell",
  "gender" : "FEMALE",
  "age" : 55,
  "childCount" : 2
}, {
  "name" : "Alease",
  "gender" : "FEMALE",
  "age" : 26,
  "childCount" : 2
}, {
  "name" : "Thea",
  "gender" : "FEMALE",
  "age" : 50,
  "childCount" : 2
}, {
  "name" : "Nickolas",
  "gender" : "MALE",
  "age" : 35,
  "childCount" : 0
}, {
  "name" : "Pablo",
  "gender" : "MALE",
  "age" : 39,
  "childCount" : 0
}, {
  "name" : "Mel",
  "gender" : "MALE",
  "age" : 40,
  "childCount" : 3
}, {
  "name" : "Vernon",
  "gender" : "MALE",
  "age" : 34,
  "childCount" : 4
}, {
  "name" : "Carrol",
  "gender" : "MALE",
  "age" : 45,
  "childCount" : 2
}, {
  "name" : "Fidelia",
  "gender" : "FEMALE",
  "age" : 58,
  "childCount" : 4
}, {
  "name" : "Luci",
  "gender" : "FEMALE",
  "age" : 44,
  "childCount" : 3
}, {
  "name" : "Eugenio",
  "gender" : "MALE",
  "age" : 33,
  "childCount" : 2
}, {
  "name" : "Rashad",
  "gender" : "MALE",
  "age" : 36,
  "childCount" : 3
}, {
  "name" : "Isidro",
  "gender" : "MALE",
  "age" : 31,
  "childCount" : 2
}, {
  "name" : "Moses",
  "gender" : "MALE",
  "age" : 44,
  "childCount" : 0
}, {
  "name" : "Sergio",
  "gender" : "MALE",
  "age" : 34,
  "childCount" : 4
}, {
  "name" : "Charissa",
  "gender" : "FEMALE",
  "age" : 46,
  "childCount" : 2
}, {
  "name" : "Zane",
  "gender" : "MALE",
  "age" : 56,
  "childCount" : 2
}, {
  "name" : "Olympia",
  "gender" : "FEMALE",
  "age" : 48,
  "childCount" : 4
}, {
  "name" : "Rolando",
  "gender" : "MALE",
  "age" : 42,
  "childCount" : 4
}, {
  "name" : "Pierre",
  "gender" : "MALE",
  "age" : 57,
  "childCount" : 3
}, {
  "name" : "Chung",
  "gender" : "FEMALE",
  "age" : 35,
  "childCount" : 1
}, {
  "name" : "Enoch",
  "gender" : "MALE",
  "age" : 45,
  "childCount" : 4
}, {
  "name" : "Denny",
  "gender" : "MALE",
  "age" : 30,
  "childCount" : 1
}, {
  "name" : "Yu",
  "gender" : "FEMALE",
  "age" : 49,
  "childCount" : 0
}, {
  "name" : "Tom",
  "gender" : "MALE",
  "age" : 35,
  "childCount" : 2
}, {
  "name" : "Marinda",
  "gender" : "FEMALE",
  "age" : 59,
  "childCount" : 1
}, {
  "name" : "Santo",
  "gender" : "MALE",
  "age" : 42,
  "childCount" : 1
}, {
  "name" : "Marilee",
  "gender" : "FEMALE",
  "age" : 55,
  "childCount" : 2
}, {
  "name" : "Leila",
  "gender" : "FEMALE",
  "age" : 56,
  "childCount" : 2
}, {
  "name" : "Refugia",
  "gender" : "FEMALE",
  "age" : 29,
  "childCount" : 2
}, {
  "name" : "Vernie",
  "gender" : "FEMALE",
  "age" : 47,
  "childCount" : 4
}, {
  "name" : "Courtney",
  "gender" : "MALE",
  "age" : 31,
  "childCount" : 4
}, {
  "name" : "Fiona",
  "gender" : "FEMALE",
  "age" : 28,
  "childCount" : 1
}, {
  "name" : "Jarrett",
  "gender" : "MALE",
  "age" : 43,
  "childCount" : 3
}, {
  "name" : "Carmelo",
  "gender" : "MALE",
  "age" : 30,
  "childCount" : 4
}, {
  "name" : "Ivelisse",
  "gender" : "FEMALE",
  "age" : 54,
  "childCount" : 1
}, {
  "name" : "Issac",
  "gender" : "MALE",
  "age" : 48,
  "childCount" : 4
}, {
  "name" : "Trinidad",
  "gender" : "MALE",
  "age" : 26,
  "childCount" : 2
}, {
  "name" : "Marquis",
  "gender" : "MALE",
  "age" : 44,
  "childCount" : 3
}, {
  "name" : "Bradley",
  "gender" : "MALE",
  "age" : 29,
  "childCount" : 1
}, {
  "name" : "Jeromy",
  "gender" : "MALE",
  "age" : 55,
  "childCount" : 2
}, {
  "name" : "Kermit",
  "gender" : "MALE",
  "age" : 40,
  "childCount" : 3
}, {
  "name" : "Lacy",
  "gender" : "MALE",
  "age" : 38,
  "childCount" : 0
}, {
  "name" : "Elliot",
  "gender" : "MALE",
  "age" : 60,
  "childCount" : 2
}, {
  "name" : "Mirta",
  "gender" : "FEMALE",
  "age" : 34,
  "childCount" : 4
}, {
  "name" : "Ronnie",
  "gender" : "MALE",
  "age" : 26,
  "childCount" : 0
}, {
  "name" : "Elza",
  "gender" : "FEMALE",
  "age" : 29,
  "childCount" : 3
}, {
  "name" : "Cecille",
  "gender" : "FEMALE",
  "age" : 55,
  "childCount" : 3
}, {
  "name" : "Pura",
  "gender" : "FEMALE",
  "age" : 53,
  "childCount" : 2
}, {
  "name" : "Leif",
  "gender" : "MALE",
  "age" : 48,
  "childCount" : 3
}, {
  "name" : "Werner",
  "gender" : "MALE",
  "age" : 31,
  "childCount" : 0
}, {
  "name" : "Barb",
  "gender" : "FEMALE",
  "age" : 46,
  "childCount" : 2
}, {
  "name" : "King",
  "gender" : "MALE",
  "age" : 47,
  "childCount" : 1
}, {
  "name" : "Lorenzo",
  "gender" : "MALE",
  "age" : 52,
  "childCount" : 2
}, {
  "name" : "Rayford",
  "gender" : "MALE",
  "age" : 58,
  "childCount" : 0
}, {
  "name" : "Ralph",
  "gender" : "MALE",
  "age" : 25,
  "childCount" : 2
}, {
  "name" : "Allyson",
  "gender" : "FEMALE",
  "age" : 53,
  "childCount" : 2
}, {
  "name" : "Mitchel",
  "gender" : "MALE",
  "age" : 47,
  "childCount" : 0
}, {
  "name" : "Chante",
  "gender" : "FEMALE",
  "age" : 34,
  "childCount" : 4
}, {
  "name" : "Jessenia",
  "gender" : "FEMALE",
  "age" : 52,
  "childCount" : 2
}, {
  "name" : "Mckinley",
  "gender" : "MALE",
  "age" : 29,
  "childCount" : 2
}, {
  "name" : "Darell",
  "gender" : "MALE",
  "age" : 45,
  "childCount" : 1
}, {
  "name" : "Alberto",
  "gender" : "MALE",
  "age" : 31,
  "childCount" : 1
}, {
  "name" : "Virgilio",
  "gender" : "MALE",
  "age" : 57,
  "childCount" : 4
}, {
  "name" : "Gloria",
  "gender" : "FEMALE",
  "age" : 45,
  "childCount" : 3
}, {
  "name" : "Loris",
  "gender" : "FEMALE",
  "age" : 39,
  "childCount" : 3
}, {
  "name" : "Ettie",
  "gender" : "FEMALE",
  "age" : 32,
  "childCount" : 0
}, {
  "name" : "Randy",
  "gender" : "MALE",
  "age" : 56,
  "childCount" : 2
}, {
  "name" : "Dewayne",
  "gender" : "MALE",
  "age" : 56,
  "childCount" : 4
}, {
  "name" : "Chas",
  "gender" : "MALE",
  "age" : 55,
  "childCount" : 4
}, {
  "name" : "Hilma",
  "gender" : "FEMALE",
  "age" : 54,
  "childCount" : 1
}, {
  "name" : "Tyrone",
  "gender" : "MALE",
  "age" : 37,
  "childCount" : 2
}, {
  "name" : "Makeda",
  "gender" : "FEMALE",
  "age" : 60,
  "childCount" : 2
}, {
  "name" : "Corine",
  "gender" : "FEMALE",
  "age" : 53,
  "childCount" : 1
}, {
  "name" : "Ileen",
  "gender" : "FEMALE",
  "age" : 50,
  "childCount" : 1
}, {
  "name" : "Thersa",
  "gender" : "FEMALE",
  "age" : 34,
  "childCount" : 0
}, {
  "name" : "Wesley",
  "gender" : "MALE",
  "age" : 46,
  "childCount" : 3
}, {
  "name" : "Chung",
  "gender" : "MALE",
  "age" : 49,
  "childCount" : 3
}, {
  "name" : "Pat",
  "gender" : "FEMALE",
  "age" : 30,
  "childCount" : 3
}, {
  "name" : "Darlene",
  "gender" : "FEMALE",
  "age" : 45,
  "childCount" : 0
}, {
  "name" : "Debbra",
  "gender" : "FEMALE",
  "age" : 52,
  "childCount" : 3
}, {
  "name" : "Rosia",
  "gender" : "FEMALE",
  "age" : 49,
  "childCount" : 3
}, {
  "name" : "Elda",
  "gender" : "FEMALE",
  "age" : 28,
  "childCount" : 1
}, {
  "name" : "Shavon",
  "gender" : "FEMALE",
  "age" : 50,
  "childCount" : 3
}, {
  "name" : "Rigoberto",
  "gender" : "MALE",
  "age" : 51,
  "childCount" : 4
}, {
  "name" : "Hermina",
  "gender" : "FEMALE",
  "age" : 32,
  "childCount" : 1
}, {
  "name" : "Estefana",
  "gender" : "FEMALE",
  "age" : 48,
  "childCount" : 1
}, {
  "name" : "Tracy",
  "gender" : "MALE",
  "age" : 31,
  "childCount" : 2
}, {
  "name" : "Florinda",
  "gender" : "FEMALE",
  "age" : 58,
  "childCount" : 1
}, {
  "name" : "Yulanda",
  "gender" : "FEMALE",
  "age" : 53,
  "childCount" : 0
}, {
  "name" : "Kristal",
  "gender" : "FEMALE",
  "age" : 51,
  "childCount" : 2
}, {
  "name" : "Ola",
  "gender" : "FEMALE",
  "age" : 28,
  "childCount" : 2
}, {
  "name" : "Leif",
  "gender" : "MALE",
  "age" : 35,
  "childCount" : 4
}, {
  "name" : "Sanford",
  "gender" : "MALE",
  "age" : 43,
  "childCount" : 0
}, {
  "name" : "Karina",
  "gender" : "FEMALE",
  "age" : 53,
  "childCount" : 2
}, {
  "name" : "Nick",
  "gender" : "MALE",
  "age" : 49,
  "childCount" : 3
} ]